214,zeppelin-0.12.0/alluxio/src/main/java/org/apache/zeppelin/alluxio/AlluxioInterpreter.java,132,32
214,zeppelin-0.12.0/bigquery/src/main/java/org/apache/zeppelin/bigquery/BigQueryInterpreter.java,247,19
214,zeppelin-0.12.0/bigquery/src/main/java/org/apache/zeppelin/bigquery/BigQueryInterpreter.java,247,24
214,zeppelin-0.12.0/bigquery/src/main/java/org/apache/zeppelin/bigquery/BigQueryInterpreter.java,247,32
214,zeppelin-0.12.0/bigquery/src/main/java/org/apache/zeppelin/bigquery/BigQueryInterpreter.java,247,39
214,zeppelin-0.12.0/bigquery/src/main/java/org/apache/zeppelin/bigquery/BigQueryInterpreter.java,247,62
214,zeppelin-0.12.0/file/src/main/java/org/apache/zeppelin/file/HDFSFileInterpreter.java,212,35
214,zeppelin-0.12.0/file/src/main/java/org/apache/zeppelin/file/HDFSFileInterpreter.java,212,54
214,zeppelin-0.12.0/flink/flink-scala-2.12/src/main/java/org/apache/zeppelin/flink/FlinkStreamSqlInterpreter.java,65,23
214,zeppelin-0.12.0/flink/flink-scala-2.12/src/main/java/org/apache/zeppelin/flink/FlinkStreamSqlInterpreter.java,78,23
214,zeppelin-0.12.0/flink/flink-scala-2.12/src/main/java/org/apache/zeppelin/flink/FlinkStreamSqlInterpreter.java,91,23
214,zeppelin-0.12.0/jdbc/src/main/java/org/apache/zeppelin/jdbc/JDBCInterpreter.java,845,60
214,zeppelin-0.12.0/jdbc/src/main/java/org/apache/zeppelin/jdbc/JDBCInterpreter.java,827,31
214,zeppelin-0.12.0/mongodb/src/main/java/org/apache/zeppelin/mongodb/MongoDbInterpreter.java,121,25
214,zeppelin-0.12.0/python/src/main/java/org/apache/zeppelin/python/PythonCondaInterpreter.java,161,24
214,zeppelin-0.12.0/python/src/main/java/org/apache/zeppelin/python/PythonCondaInterpreter.java,176,32
214,zeppelin-0.12.0/python/src/main/java/org/apache/zeppelin/python/PythonCondaInterpreter.java,184,32
214,zeppelin-0.12.0/python/src/main/java/org/apache/zeppelin/python/PythonCondaInterpreter.java,387,49
214,zeppelin-0.12.0/python/src/main/java/org/apache/zeppelin/python/PythonInterpreter.java,144,21
214,zeppelin-0.12.0/shell/src/main/java/org/apache/zeppelin/shell/ShellInterpreter.java,148,25
214,zeppelin-0.12.0/zeppelin-server/src/main/java/org/apache/zeppelin/rest/NotebookRestApi.java,1202,46
532,zeppelin-0.12.0/jdbc/src/main/java/org/apache/zeppelin/jdbc/JDBCInterpreter.java,667,9
532,zeppelin-0.12.0/jdbc/src/main/java/org/apache/zeppelin/jdbc/JDBCInterpreter.java,809,9
532,zeppelin-0.12.0/jdbc/src/main/java/org/apache/zeppelin/jdbc/JDBCInterpreter.java,483,67
532,zeppelin-0.12.0/jdbc/src/main/java/org/apache/zeppelin/jdbc/JDBCInterpreter.java,483,72
532,zeppelin-0.12.0/jdbc/src/main/java/org/apache/zeppelin/jdbc/JDBCInterpreter.java,613,46
532,zeppelin-0.12.0/jdbc/src/main/java/org/apache/zeppelin/jdbc/JDBCInterpreter.java,615,11
532,zeppelin-0.12.0/jdbc/src/main/java/org/apache/zeppelin/jdbc/JDBCInterpreter.java,668,43
532,zeppelin-0.12.0/jdbc/src/main/java/org/apache/zeppelin/jdbc/JDBCInterpreter.java,669,17
532,zeppelin-0.12.0/jdbc/src/main/java/org/apache/zeppelin/jdbc/JDBCInterpreter.java,785,22
532,zeppelin-0.12.0/jdbc/src/main/java/org/apache/zeppelin/jdbc/JDBCInterpreter.java,809,51
532,zeppelin-0.12.0/python/src/main/java/org/apache/zeppelin/python/IPythonInterpreter.java,203,35
532,zeppelin-0.12.0/rlang/src/main/java/org/apache/zeppelin/r/IRInterpreter.java,139,51
532,zeppelin-0.12.0/zeppelin-client/src/main/java/org/apache/zeppelin/client/ZeppelinClient.java,282,34
532,zeppelin-0.12.0/zeppelin-interpreter/src/main/java/org/apache/zeppelin/interpreter/Interpreter.java,174,40
532,zeppelin-0.12.0/zeppelin-interpreter/src/main/java/org/apache/zeppelin/interpreter/Interpreter.java,181,40
532,zeppelin-0.12.0/zeppelin-interpreter/src/main/java/org/apache/zeppelin/interpreter/Interpreter.java,181,45
532,zeppelin-0.12.0/zeppelin-zengine/src/main/java/org/apache/zeppelin/notebook/FileSystemStorage.java,213,44
532,zeppelin-0.12.0/zeppelin-zengine/src/main/java/org/apache/zeppelin/storage/FileSystemConfigStorage.java,101,56
532,zeppelin-0.12.0/zeppelin-zengine/src/main/java/org/apache/zeppelin/storage/FileSystemConfigStorage.java,104,50
532,zeppelin-0.12.0/zeppelin-zengine/src/main/java/org/apache/zeppelin/storage/FileSystemConfigStorage.java,110,49
532,zeppelin-0.12.0/zeppelin-zengine/src/main/java/org/apache/zeppelin/storage/LocalConfigStorage.java,88,56
532,zeppelin-0.12.0/zeppelin-zengine/src/main/java/org/apache/zeppelin/storage/LocalConfigStorage.java,91,50
532,zeppelin-0.12.0/zeppelin-zengine/src/main/java/org/apache/zeppelin/storage/LocalConfigStorage.java,97,49