208,dubbo-dubbo-3.3.3/dubbo-plugin/dubbo-auth/src/main/java/org/apache/dubbo/auth/AccessKeyAuthenticator.java,69,27
532,dubbo-dubbo-3.3.3/dubbo-cluster/src/main/java/org/apache/dubbo/rpc/cluster/router/condition/matcher/AbstractConditionMatcher.java,134,17
532,dubbo-dubbo-3.3.3/dubbo-cluster/src/main/java/org/apache/dubbo/rpc/cluster/router/condition/matcher/pattern/range/RangeValuePattern.java,53,25
532,dubbo-dubbo-3.3.3/dubbo-cluster/src/main/java/org/apache/dubbo/rpc/cluster/router/condition/matcher/pattern/range/RangeValuePattern.java,86,21
532,dubbo-dubbo-3.3.3/dubbo-common/src/main/java/org/apache/dubbo/common/logger/jcl/JclLogger.java,81,21
532,dubbo-dubbo-3.3.3/dubbo-common/src/main/java/org/apache/dubbo/common/logger/jcl/JclLogger.java,123,22
532,dubbo-dubbo-3.3.3/dubbo-common/src/main/java/org/apache/dubbo/common/logger/jcl/JclLogger.java,139,22
532,dubbo-dubbo-3.3.3/dubbo-common/src/main/java/org/apache/dubbo/common/logger/jdk/JdkLogger.java,78,32
532,dubbo-dubbo-3.3.3/dubbo-common/src/main/java/org/apache/dubbo/common/logger/jdk/JdkLogger.java,110,34
532,dubbo-dubbo-3.3.3/dubbo-common/src/main/java/org/apache/dubbo/common/logger/jdk/JdkLogger.java,121,34
532,dubbo-dubbo-3.3.3/dubbo-common/src/main/java/org/apache/dubbo/common/logger/log4j/Log4jLogger.java,80,38
532,dubbo-dubbo-3.3.3/dubbo-common/src/main/java/org/apache/dubbo/common/logger/log4j/Log4jLogger.java,122,39
532,dubbo-dubbo-3.3.3/dubbo-common/src/main/java/org/apache/dubbo/common/logger/log4j/Log4jLogger.java,138,39
532,dubbo-dubbo-3.3.3/dubbo-common/src/main/java/org/apache/dubbo/common/logger/log4j2/Log4j2Logger.java,71,21
532,dubbo-dubbo-3.3.3/dubbo-common/src/main/java/org/apache/dubbo/common/logger/log4j2/Log4j2Logger.java,111,22
532,dubbo-dubbo-3.3.3/dubbo-common/src/main/java/org/apache/dubbo/common/logger/log4j2/Log4j2Logger.java,126,22
532,dubbo-dubbo-3.3.3/dubbo-common/src/main/java/org/apache/dubbo/common/logger/slf4j/Slf4jLogger.java,123,79
532,dubbo-dubbo-3.3.3/dubbo-common/src/main/java/org/apache/dubbo/common/logger/slf4j/Slf4jLogger.java,126,21
532,dubbo-dubbo-3.3.3/dubbo-common/src/main/java/org/apache/dubbo/common/logger/slf4j/Slf4jLogger.java,197,80
532,dubbo-dubbo-3.3.3/dubbo-common/src/main/java/org/apache/dubbo/common/logger/slf4j/Slf4jLogger.java,200,22
532,dubbo-dubbo-3.3.3/dubbo-common/src/main/java/org/apache/dubbo/common/logger/slf4j/Slf4jLogger.java,226,80
532,dubbo-dubbo-3.3.3/dubbo-common/src/main/java/org/apache/dubbo/common/logger/slf4j/Slf4jLogger.java,229,22
532,dubbo-dubbo-3.3.3/dubbo-common/src/main/java/org/apache/dubbo/common/logger/support/FailsafeErrorTypeAwareLogger.java,138,31
532,dubbo-dubbo-3.3.3/dubbo-common/src/main/java/org/apache/dubbo/common/logger/support/FailsafeErrorTypeAwareLogger.java,155,31
532,dubbo-dubbo-3.3.3/dubbo-common/src/main/java/org/apache/dubbo/common/logger/support/FailsafeLogger.java,159,25
532,dubbo-dubbo-3.3.3/dubbo-common/src/main/java/org/apache/dubbo/common/logger/support/FailsafeLogger.java,214,26
532,dubbo-dubbo-3.3.3/dubbo-common/src/main/java/org/apache/dubbo/common/logger/support/FailsafeLogger.java,225,26
532,dubbo-dubbo-3.3.3/dubbo-config/dubbo-config-api/src/main/java/org/apache/dubbo/config/utils/ConfigValidationUtils.java,770,21
532,dubbo-dubbo-3.3.3/dubbo-config/dubbo-config-api/src/main/java/org/apache/dubbo/config/utils/ConfigValidationUtils.java,780,25
532,dubbo-dubbo-3.3.3/dubbo-registry/dubbo-registry-multicast/src/main/java/org/apache/dubbo/registry/multicast/MulticastRegistry.java,272,25