532,gravitee-api-management-4.7.5/gravitee-apim-repository/gravitee-apim-repository-jdbc/src/main/java/io/gravitee/repository/jdbc/management/JdbcMembershipRepository.java,145,9
532,gravitee-api-management-4.7.5/gravitee-apim-repository/gravitee-apim-repository-mongodb/src/main/java/io/gravitee/repository/mongodb/management/MongoMembershipRepository.java,158,9
532,gravitee-api-management-4.7.5/gravitee-apim-repository/gravitee-apim-repository-mongodb/src/main/java/io/gravitee/repository/mongodb/management/MongoMembershipRepository.java,166,9
532,gravitee-api-management-4.7.5/gravitee-apim-plugin/gravitee-apim-plugin-endpoint/gravitee-apim-plugin-endpoint-http-proxy/target/generated-sources/annotations/io/gravitee/plugin/endpoint/http/proxy/configuration/HttpProxyEndpointConnectorSharedConfigurationEvaluator.java,136,118
532,gravitee-api-management-4.7.5/gravitee-apim-repository/gravitee-apim-repository-jdbc/src/main/java/io/gravitee/repository/jdbc/management/JdbcAbstractCrudRepository.java,42,94
532,gravitee-api-management-4.7.5/gravitee-apim-repository/gravitee-apim-repository-jdbc/src/main/java/io/gravitee/repository/jdbc/management/JdbcAbstractCrudRepository.java,79,92
532,gravitee-api-management-4.7.5/gravitee-apim-repository/gravitee-apim-repository-jdbc/src/main/java/io/gravitee/repository/jdbc/management/JdbcApiKeyRepository.java,135,26
532,gravitee-api-management-4.7.5/gravitee-apim-repository/gravitee-apim-repository-jdbc/src/main/java/io/gravitee/repository/jdbc/management/JdbcApiKeyRepository.java,441,59
532,gravitee-api-management-4.7.5/gravitee-apim-repository/gravitee-apim-repository-jdbc/src/main/java/io/gravitee/repository/jdbc/management/JdbcApiRepository.java,143,65
532,gravitee-api-management-4.7.5/gravitee-apim-repository/gravitee-apim-repository-jdbc/src/main/java/io/gravitee/repository/jdbc/management/JdbcApplicationRepository.java,254,64
532,gravitee-api-management-4.7.5/gravitee-apim-repository/gravitee-apim-repository-jdbc/src/main/java/io/gravitee/repository/jdbc/management/JdbcApplicationRepository.java,268,73
532,gravitee-api-management-4.7.5/gravitee-apim-repository/gravitee-apim-repository-jdbc/src/main/java/io/gravitee/repository/jdbc/management/JdbcPlanRepository.java,119,57
532,gravitee-api-management-4.7.5/gravitee-apim-repository/gravitee-apim-repository-jdbc/src/main/java/io/gravitee/repository/jdbc/management/JdbcSubscriptionRepository.java,354,65
532,gravitee-api-management-4.7.5/gravitee-apim-repository/gravitee-apim-repository-jdbc/src/main/java/io/gravitee/repository/jdbc/management/JdbcSubscriptionRepository.java,371,74
532,gravitee-api-management-4.7.5/gravitee-apim-repository/gravitee-apim-repository-mongodb/src/main/java/io/gravitee/repository/mongodb/management/MongoIntegrationRepository.java,51,53
532,gravitee-api-management-4.7.5/gravitee-apim-repository/gravitee-apim-repository-mongodb/src/main/java/io/gravitee/repository/mongodb/management/MongoIntegrationRepository.java,53,60
532,gravitee-api-management-4.7.5/gravitee-apim-repository/gravitee-apim-repository-mongodb/src/main/java/io/gravitee/repository/mongodb/management/MongoMembershipRepository.java,158,93
532,gravitee-api-management-4.7.5/gravitee-apim-repository/gravitee-apim-repository-mongodb/src/main/java/io/gravitee/repository/mongodb/management/MongoMembershipRepository.java,166,98
532,gravitee-api-management-4.7.5/gravitee-apim-repository/gravitee-apim-repository-mongodb/src/main/java/io/gravitee/repository/mongodb/management/MongoUserRepository.java,135,46
532,gravitee-api-management-4.7.5/gravitee-apim-repository/gravitee-apim-repository-mongodb/src/main/java/io/gravitee/repository/mongodb/management/MongoUserRepository.java,140,53
532,gravitee-api-management-4.7.5/gravitee-apim-rest-api/gravitee-apim-rest-api-service/src/main/java/io/gravitee/apim/infra/crud_service/user/UserCrudServiceImpl.java,70,48
532,gravitee-api-management-4.7.5/gravitee-apim-rest-api/gravitee-apim-rest-api-service/src/main/java/io/gravitee/apim/infra/crud_service/user/UserCrudServiceImpl.java,74,85
532,gravitee-api-management-4.7.5/gravitee-apim-rest-api/gravitee-apim-rest-api-service/src/main/java/io/gravitee/rest/api/service/impl/ApiKeyServiceImpl.java,408,26
532,gravitee-api-management-4.7.5/gravitee-apim-rest-api/gravitee-apim-rest-api-service/src/main/java/io/gravitee/rest/api/service/impl/ApplicationServiceImpl.java,247,97
532,gravitee-api-management-4.7.5/gravitee-apim-rest-api/gravitee-apim-rest-api-service/src/main/java/io/gravitee/rest/api/service/impl/SubscriptionServiceImpl.java,259,95
532,gravitee-api-management-4.7.5/gravitee-apim-rest-api/gravitee-apim-rest-api-service/src/main/java/io/gravitee/rest/api/service/impl/TokenServiceImpl.java,100,26
532,gravitee-api-management-4.7.5/gravitee-apim-rest-api/gravitee-apim-rest-api-service/src/main/java/io/gravitee/rest/api/service/impl/UserServiceImpl.java,682,17
532,gravitee-api-management-4.7.5/gravitee-apim-rest-api/gravitee-apim-rest-api-service/src/main/java/io/gravitee/rest/api/service/impl/upgrade/upgrader/ApiKeySubscriptionsUpgrader.java,75,77