209,pulsar-4.0.3/pulsar-functions/java-examples/src/main/java/org/apache/pulsar/functions/api/examples/RawFileKeyReader.java,55,32
209,pulsar-4.0.3/pulsar-functions/java-examples/src/main/java/org/apache/pulsar/functions/api/examples/RawFileKeyReader.java,67,32
214,pulsar-4.0.3/pulsar-websocket/src/main/java/org/apache/pulsar/websocket/service/WebSocketServiceStarter.java,84,19
532,pulsar-4.0.3/pulsar-io/elastic-search/src/main/java/org/apache/pulsar/io/elasticsearch/ElasticSearchSink.java,272,17
532,pulsar-4.0.3/pulsar-functions/instance/src/main/java/org/apache/pulsar/functions/instance/JavaInstanceRunnable.java,1078,25
532,pulsar-4.0.3/pulsar-io/debezium/core/src/main/java/org/apache/pulsar/io/debezium/DebeziumSource.java,70,60
532,pulsar-4.0.3/pulsar-io/debezium/core/src/main/java/org/apache/pulsar/io/debezium/DebeziumSource.java,73,51
532,pulsar-4.0.3/pulsar-io/elastic-search/src/main/java/org/apache/pulsar/io/elasticsearch/ElasticSearchSink.java,276,25
532,pulsar-4.0.3/pulsar-io/kafka/src/main/java/org/apache/pulsar/io/kafka/KafkaAbstractSink.java,125,46
532,pulsar-4.0.3/pulsar-io/kafka/src/main/java/org/apache/pulsar/io/kafka/KafkaBytesSink.java,48,56
532,pulsar-4.0.3/pulsar-io/kafka/src/main/java/org/apache/pulsar/io/kafka/KafkaBytesSource.java,81,56