532,rundeck-5.12.0/core/src/main/java/com/dtolabs/rundeck/core/execution/workflow/ContextualExecutionListener.java,80,33
532,rundeck-5.12.0/core/src/main/java/com/dtolabs/rundeck/core/execution/workflow/ContextualExecutionListener.java,82,31
532,rundeck-5.12.0/core/src/main/java/com/dtolabs/rundeck/core/execution/workflow/LoggerWithContext.java,44,28
532,rundeck-5.12.0/core/src/main/java/com/dtolabs/rundeck/core/logging/ContextLogWriter.java,42,43
532,rundeck-5.12.0/core/src/main/java/com/dtolabs/rundeck/core/logging/LogUtil.java,50,20
532,rundeck-5.12.0/core/src/main/java/com/dtolabs/rundeck/core/logging/LogUtil.java,58,20
532,rundeck-5.12.0/core/src/main/java/com/dtolabs/rundeck/core/plugins/configuration/RuntimePropertyResolver.java,64,27
532,rundeck-5.12.0/core/src/main/java/com/dtolabs/rundeck/core/plugins/configuration/RuntimePropertyResolver.java,68,23
532,rundeck-5.12.0/core/src/main/java/com/dtolabs/rundeck/core/plugins/configuration/RuntimePropertyResolver.java,88,19
532,rundeck-5.12.0/plugins/jsch-plugin/src/main/java/org/rundeck/plugins/jsch/JschNodeExecutor.java,486,48
532,rundeck-5.12.0/plugins/jsch-plugin/src/main/java/org/rundeck/plugins/jsch/net/SSHTaskBuilder.java,663,51
532,rundeck-5.12.0/plugins/jsch-plugin/src/main/java/org/rundeck/plugins/jsch/net/SSHTaskBuilder.java,668,52
532,rundeck-5.12.0/plugins/jsch-plugin/src/main/java/org/rundeck/plugins/jsch/net/SSHTaskBuilder.java,679,50
532,rundeck-5.12.0/plugins/jsch-plugin/src/main/java/org/rundeck/plugins/jsch/net/SSHTaskBuilder.java,690,32
532,rundeck-5.12.0/plugins/jsch-plugin/src/main/java/org/rundeck/plugins/jsch/net/SSHTaskBuilder.java,698,50
532,rundeck-5.12.0/plugins/jsch-plugin/src/main/java/org/rundeck/plugins/jsch/net/SSHTaskBuilder.java,718,51
532,rundeck-5.12.0/plugins/script-plugin/src/main/java/com/dtolabs/rundeck/plugin/script/ScriptUtil.java,73,23
532,rundeck-5.12.0/plugins/script-plugin/src/main/java/com/dtolabs/rundeck/plugin/script/ScriptUtil.java,104,23
532,rundeck-5.12.0/rundeckapp/src/main/groovy/com/dtolabs/rundeck/jetty/jaas/JettyCachingLdapLoginModule.java,432,30
532,rundeck-5.12.0/rundeckapp/src/main/groovy/com/dtolabs/rundeck/jetty/jaas/JettyCachingLdapLoginModule.java,927,27
532,rundeck-5.12.0/rundeckapp/src/main/groovy/com/dtolabs/rundeck/jetty/jaas/JettyCachingLdapLoginModule.java,946,23